用户编号top5,预测用电量
1416,611491.0301966796
175,566762.9844593008
174,449718.5679408872
129,124083.66791557154
90,118509.80707885107
